SH,Old_Entries,New_Entries,Conflict_Type
SH1371011.10FU,"Bispora_antennata, Bisporella_pallescens, Bispora_sp","Bispora_antennata, Bispora_pallescens, Bispora_sp",Different genera in SH
SH1359229.10FU,"Lanzia_huangshanica, Dicephalospora_huangshanica",Dicephalospora_huangshanica,Different genera in SH
SH1214439.10FU,"Endocronartium_harknessii, Cronartium_quercuum","Cronartium_harknessii, Cronartium_quercuum",Different genera in SH
SH1331637.10FU,"Pholiota_rugosa, Conocybe_sp","Conocybe_rugosa, Conocybe_sp",Different genera in SH
SH1275227.10FU,"Stachybotrys_oenanthes, Memnoniella_oenanthes, Memnoniella_sp","Memnoniella_oenanthes, Memnoniella_sp",Different genera in SH
SH1371093.10FU,"Crocicreas_cyathoideum, Cyathicula_sp","Cyathicula_cyathoidea, Cyathicula_sp",Different genera in SH
SH1398616.10FU,"Parmelia_lindmanii, Parmelinella_lindmanii",Parmelinella_lindmanii,Different genera in SH
SH1088951.10FU,"Trametes_ljubarskyi, Pilatotrama_ljubarskyi",Pilatotrama_ljubarskyi,Different genera in SH
SH1214451.10FU,"Caeoma_rhododendri-capitati, Chrysomyxa_sp","Chrysomyxa_rhododendri-capitati, Chrysomyxa_sp",Different genera in SH
SH1344831.10FU,"Neocosmospora_hengyangensis, Fusarium_sp","Fusarium_hengyangense, Fusarium_sp",Different genera in SH
SH1208020.10FU,"Pseudotremella_moriformis, Tremella_indecorata","Tremella_moriformis, Tremella_indecorata",Different genera in SH
SH1403526.10FU,"Dermocybe_vinicolor, Cortinarius_vinicolor",Cortinarius_vinicolor,Different genera in SH
SH1285233.10FU,"Tomentella_sp, Thelephora_subclavigera","Tomentella_sp, Tomentella_subclavigera",Different genera in SH
SH1061222.10FU,"Cordyceps_takaomontana, Cordyceps_pruinosa, Phytocordyceps_ninchukispora, Cordyceps_militaris, Cordyceps_morakotii, Cordyceps_bifusispora, Cordyceps_yinjiangensis, Cordyceps_neopruinosa, Cordyceps_parvistroma, Cordyceps_sp","Cordyceps_takaomontana, Cordyceps_pruinosa, Cordyceps_ninchukispora, Cordyceps_militaris, Cordyceps_morakotii, Cordyceps_bifusispora, Cordyceps_yinjiangensis, Cordyceps_neopruinosa, Cordyceps_parvistroma, Cordyceps_sp",Different genera in SH
SH1274126.10FU,"Lactarius_panuoides, Lactifluus_panuoides, Lactifluus_sp","Lactifluus_panuoides, Lactifluus_sp",Different genera in SH
SH1214707.10FU,"Gliophorus_sp, Agaricus_sciophanus","Gliophorus_sp, Gliophorus_psittacinus",Different genera in SH
SH1286219.10FU,"Thelephora_asperula, Tomentella_sp","Tomentella_asperula, Tomentella_sp",Different genera in SH
SH1269456.10FU,"Gyromitra_ambigua, Paragyromitra_ambigua",Paragyromitra_ambigua,Different genera in SH
SH1394396.10FU,"Drechslera_fugax, Pyrenophora_fugax",Pyrenophora_fugax,Different genera in SH
SH1388126.10FU,"Hyphodontia_subalutacea, Kneiffiella_subalutacea",Kneiffia_subalutacea,Different genera in SH
SH1079313.10FU,"Phomopsis_vexans, Diaporthe_citri, Diaporthe_sp, Diaporthe_guangdongensis, Diaporthe_tulliensis, Diaporthe_phoenicicola, Diaporthe_tectonendophytica, Diaporthe_griceae","Diaporthe_vexans, Diaporthe_citri, Diaporthe_sp, Diaporthe_guangdongensis, Diaporthe_tulliensis, Diaporthe_phoenicicola, Diaporthe_tectonendophytica, Diaporthe_griceae",Different genera in SH
SH1238005.10FU,"Gyalolechia_marmorata, Caloplaca_ferrarii","Xanthocarpia_marmorata, Xanthocarpia_ferrarii",Different genera in SH
SH1347502.10FU,"Passalora_miurae, Cercosporidium_miurae",Passalora_miurae,Different genera in SH
SH1289421.10FU,"Candida_bolitotheri, Suhomyces_sp","Suhomyces_bolitotheri, Suhomyces_sp",Different genera in SH
SH1387568.10FU,"Nectria_pseudopeziza, Xanthonectria_pseudopeziza",Xanthonectria_pseudopeziza,Different genera in SH
SH1292084.10FU,"Resupinatus_sp, Resupinatus_trichotis, Resupinatus_applicatus, Pleurotus_subapplicatus","Resupinatus_sp, Resupinatus_trichotis, Resupinatus_applicatus, Resupinatus_subapplicatus",Different genera in SH
SH1200516.10FU,"Frantisekia_mentschulensis, Antrodiella_mentschulensis",Antrodiella_mentschulensis,Different genera in SH
SH1088940.10FU,"Grammothele_fuligo, Cyanoporus_camptogrammus, Cyanoporus_fuligo","Cyanoporus_fuligo, Cyanoporus_camptogrammus",Different genera in SH
SH1055617.10FU,"Puccinia_corylopsidis, Novopuccinia_corylopsidis",Novopuccinia_corylopsidis,Different genera in SH
SH1286975.10FU,"Lophiostoma_thymi, Lophiostoma_caryophyllacearum, Sigarispora_muriformis","Lophiostoma_thymi, Lophiostoma_caryophyllacearum, Lophiostoma_neomuriforme",Different genera in SH
SH1377512.10FU,"Capitotricha_sp, Lachnum_bicolor","Capitotricha_sp, Capitotricha_bicolor",Different genera in SH
SH1272233.10FU,"Aurantiporus_alborubescens, Odoria_alborubescens",Pappia_fissilis,Different genera in SH
SH1088266.10FU,"Perenniporia_minutissima, Perenniporiopsis_minutissima",Perenniporiopsis_minutissima,Different genera in SH
SH1299653.10FU,"Sebacina_confusa, Tremellodendron_schweinitzii, Sebacina_sp, Sebacina_candida, Sebacina_schweinitzii","Sebacina_confusa, Sebacina_schweinitzii, Sebacina_sp, Sebacina_candida",Different genera in SH
SH1273204.10FU,"Seimatosporium_obtusum, Allelochaeta_orbicularis","Allelochaeta_obtusa, Allelochaeta_orbicularis",Different genera in SH
SH1320264.10FU,"Cryphonectria_nitschkei, Cryphonectria_macrospora, Cryphonectria_sp, Cryphonectria_japonica, Chromendothia_citrina, Cryphonectria_citrina","Cryphonectria_nitschkei, Cryphonectria_macrospora, Cryphonectria_sp, Cryphonectria_japonica, Cryphonectria_citrina",Different genera in SH
SH1237578.10FU,"Inocybe_calamistrata, Inosperma_mutatum, Inosperma_sp","Inosperma_calamistratum, Inosperma_mutatum, Inosperma_sp",Different genera in SH
SH1354508.10FU,"Caloplaca_atroflava, Kuettlingeria_atroflava",Kuettlingeria_atroflava,Different genera in SH
SH1403368.10FU,"Cortinarius_balteatoalbus, Phlegmacium_balteatibulbosum","Phlegmacium_areni-silvae, Phlegmacium_balteatibulbosum",Different genera in SH
SH1347575.10FU,"Cercospora_carotae, Neocercospora_ammicola, Neocercospora_carotae, Neocercospora_sp","Neocercospora_carotae, Neocercospora_ammicola, Neocercospora_sp",Different genera in SH
SH1347049.10FU,"Passalora_passaloroides, Paramycovellosiella_passaloroides",Paramycovellosiella_passaloroides,Different genera in SH
SH1205062.10FU,"Clitocybe_alkaliviolascens, Infundibulicybe_alkaliviolascens, Infundibulicybe_sp","Infundibulicybe_alkaliviolascens, Infundibulicybe_sp",Different genera in SH
SH1326957.10FU,"Russula_sp, Gymnomyces_abietis, Gymnomyces_monticola","Russula_sp, Russula_subabietis, Russula_monticola",Different genera in SH
SH1338294.10FU,"Rogersella_griseliniae, Lyomyces_griseliniae",Lyomyces_griseliniae,Different genera in SH
SH1206760.10FU,"Setosphaeria_monoceras, Exserohilum_turcicum, Exserohilum_monoceras","Exserohilum_monoceras, Exserohilum_turcicum",Different genera in SH
SH1363789.10FU,"Clitocybe_houghtonii, Leucocybe_sp","Leucocybe_houghtonii, Leucocybe_sp",Different genera in SH
SH1050984.10FU,"Candida_fructus, Clavispora_fructus",Clavispora_fructus,Different genera in SH
SH1349767.10FU,"Flaviporus_americanus, Antella_niemelaei","Antella_americana, Antella_niemelaei",Different genera in SH
SH1233786.10FU,"Collybia_elegans, Marasmius_atrocastaneus","Marasmius_elegans, Marasmius_atrocastaneus",Different genera in SH
SH1058331.10FU,"Acarospora_fulvoviridula, Myriospora_sp","Myriospora_fulvoviridula, Myriospora_sp",Different genera in SH
SH1289093.10FU,"Pertusaria_amara, Lepra_albescens, Lepra_amara","Lepra_amara, Lepra_albescens",Different genera in SH
SH1357771.10FU,"Sticta_sylvatica, Stictina_peltigerella, Sticta_bicellulata","Sticta_sylvatica, Sticta_peltigerella, Sticta_bicellulata",Different genera in SH
SH1090449.10FU,"Tremiscus_helvelloides, Guepinia_shanxiense","Guepinia_helvelloides, Guepinia_shanxiense",Different genera in SH
SH1203356.10FU,"Trapeliopsis_bisorediata, Trapelia_placodioides","Kleopowiella_bisorediata, Kleopowiella_placodioides",Different genera in SH
SH1073414.10FU,"Dactylella_leptospora, Dactylella_formosana, Dactylellina_sp","Dactylellina_leptospora, Dactylellina_formosana, Dactylellina_sp",Different genera in SH
SH1205376.10FU,"Protoparmelia_pulchra, Neoprotoparmelia_pulchra",Neoprotoparmelia_pulchra,Different genera in SH
SH1322873.10FU,"Schizothyrium_sp, Zygophiala_qianensis","Schizothyrium_sp, Schizothyrium_qianense",Different genera in SH
SH1302791.10FU,"Chromosera_xanthochroa, Hygrocybe_xanthochroa, Chromosera_sp","Chromosera_xanthochroa, Chromosera_sp",Different genera in SH
SH1262510.10FU,"Leucopaxillus_rhodoleucus, Pseudoclitopilus_rhodoleucus",Pseudoclitopilus_rhodoleucus,Different genera in SH
SH1227231.10FU,"Hymenochaetopsis_tabacinoides, Hydnoporia_tabacinoides",Hydnoporia_tabacinoides,Different genera in SH
SH1272008.10FU,"Rugosomyces_naucoria, Calocybe_sp","Calocybe_naucoria, Calocybe_sp",Different genera in SH
SH1207294.10FU,"Bipolaris_sp, Drechslera_gigantea, Bipolaris_gigantea","Bipolaris_sp, Bipolaris_gigantea",Different genera in SH
SH1406428.10FU,"Breviappendix_rubi, Gnomonia_rostellata","Breviappendix_rubi, Breviappendix_rostellata",Different genera in SH
SH1082917.10FU,"Flavidoporia_pulvinascens, Antrodia_pulverulenta, Antrodia_mellita, Flavidoporia_pulverulenta","Flavidoporia_pulvinascens, Flavidoporia_pulverulenta, Flavidoporia_mellita",Different genera in SH
SH1193901.10FU,"Ceratocystis_radicicola, Thielaviopsis_radicicola",Thielaviopsis_radicicola,Different genera in SH
SH1341859.10FU,"Ceratocystis_deltoideospora, Raffaelea_sp, Raffaelea_deltoideospora","Raffaelea_deltoideospora, Raffaelea_sp",Different genera in SH
SH1408638.10FU,"Anthostomella_rubicola, Alloanthostomella_rubicola",Alloanthostomella_rubicola,Different genera in SH
SH1257053.10FU,"Jahnula_australiensis, Neojahnula_australiensis",Neojahnula_australiensis,Different genera in SH
SH1339037.10FU,"Phellinus_merrillii, Fulvifomes_sp","Fulvifomes_merrillii, Fulvifomes_sp",Different genera in SH
SH1217865.10FU,"Fulvifomes_chinensis, Fomitiporella_chinensis",Fomitiporella_chinensis,Different genera in SH
SH1159132.10FU,"Russula_sp, Gymnomyces_fallax, Gymnomyces_parksii, Gymnomyces_fragrans, Gymnomyces_brunnescens, Gymnomyces_subfulvus, Russula_foetens, Gymnomyces_nondistincta","Russula_sp, Russula_similaris, Russula_parksii, Russula_aromatica, Russula_shafferi, Russula_subfulva, Russula_foetens, Russula_nondistincta",Different genera in SH
SH1212576.10FU,"Dipodascus_restrictus, Saprochaete_psychrophila","Dipodascus_restrictus, Dipodascus_psychrophilus",Different genera in SH
SH1267372.10FU,"Cuphophyllus_sp, Hygrocybe_pratensis","Cuphophyllus_sp, Cuphophyllus_pratensis",Different genera in SH
SH1187330.10FU,"Phallus_atrovolvatus, Dictyophora_merulina","Phallus_atrovolvatus, Phallus_merulinus",Different genera in SH
SH1331610.10FU,"Lasionectria_marigotensis, Lasionectriella_marigotensis",Lasionectria_marigotensis,Different genera in SH
SH1219077.10FU,"Phellinus_gilvus, Fuscoporia_koreana","Fuscoporia_gilva, Fuscoporia_koreana",Different genera in SH
SH1056278.10FU,"Geejayessia_desmazieri, Fusarium_cicatricum","Fusarium_desmazieri, Fusarium_cicatricum",Different genera in SH
SH1061981.10FU,"Candida_pallodes, Teunomyces_pallodes",Teunomyces_pallodes,Different genera in SH
SH1272012.10FU,"Rugosomyces_naucoria, Rugosomyces_chrysenteron, Calocybe_sp","Calocybe_naucoria, Calocybe_chrysenteron, Calocybe_sp",Different genera in SH
SH1240125.10FU,"Xylodon_pruni, Lyomyces_pruni",Lyomyces_pruni,Different genera in SH
SH1216187.10FU,"Butyriboletus_pulchriceps, Butyriboletus_sp, Boletus_pulchriceps","Butyriboletus_pulchriceps, Butyriboletus_sp",Different genera in SH
SH1394557.10FU,"Humidicutis_calyptriformis, Porpolomopsis_sp","Porpolomopsis_calyptriformis, Porpolomopsis_sp",Different genera in SH
SH1081254.10FU,"Blasiphalia_pseudogrisella, Rickenella_pseudogrisella",Blasiphalia_pseudogrisella,Different genera in SH
SH1357197.10FU,"Conocybe_aberrans, Pholiotina_filipes","Conocybe_aberrans, Conocybe_filipes",Different genera in SH
SH1198564.10FU,"Deviodontia_pilaecystidiata, Kneiffiella_pilaecystidiata",Deviodontia_pilaecystidiata,Different genera in SH
SH1078375.10FU,"Cytospora_sp, Valsa_melanodiscus, Cytospora_phialidica","Cytospora_sp, Cytospora_melanodiscus, Cytospora_phialidica",Different genera in SH
SH1346823.10FU,"Zasmidium_biverticillatum, Ramichloridium_biverticillatum",Zasmidium_biverticillatum,Different genera in SH
SH1076849.10FU,"Dentiscutata_cerradensis, Scutellospora_cerradensis",Dentiscutata_cerradensis,Different genera in SH
SH1400547.10FU,"Neoantrodia_variiformis, Antrodia_variiformis",Neoantrodia_variiformis,Different genera in SH
SH1235080.10FU,"Serpula_pulverulenta, Meruliporia_pulverulenta",Meruliporia_pulverulenta,Different genera in SH
SH1201697.10FU,"Tricholoma_sp, Melanoleuca_subsejuncta","Tricholoma_sp, Tricholoma_subsejunctum",Different genera in SH
SH1349188.10FU,"Thelephora_hjortstamiana, Tomentella_sp","Tomentella_hjortstamiana, Tomentella_sp",Different genera in SH
SH1376822.10FU,"Aureoboletus_projectellus, Boletellus_projectellus",Aureoboletus_projectellus,Different genera in SH
SH1386958.10FU,"Coprinellus_heterosetulosus, Tulosesus_heterosetulosus",Tulosesus_heterosetulosus,Different genera in SH
SH1358375.10FU,"Helicoma_palmigenum, Helicotruncatum_palmigenum",Helicotruncatum_palmigenum,Different genera in SH
SH1208855.10FU,"Chaetosphaeria_lateriphiala, Zanclospora_lateriphiala",Zanclospora_lateriphiala,Different genera in SH
SH1370976.10FU,"Hymenoscyphus_sp, Helotium_conscriptum","Hymenoscyphus_sp, Hymenoscyphus_calyculus",Different genera in SH
SH1217105.10FU,"Apiospora_neosubglobosa, Arthrinium_neosubglobosa, Apiospora_gelatinosa","Apiospora_neosubglobosa, Apiospora_gelatinosa",Different genera in SH
SH1337252.10FU,"Rhizophagus_irregularis, Rhizoglomus_intraradices, Rhizophagus_sp","Rhizophagus_irregularis, Rhizophagus_intraradices, Rhizophagus_sp",Different genera in SH
SH1347087.10FU,"Mycodiella_laricis-leptolepidis, Mycosphaerella_laricis-leptolepidis",Mycodiella_laricis-leptolepidis,Different genera in SH
SH1272895.10FU,"Seimatosporium_eucalypti, Allelochaeta_pseudoobtusa, Allelochaeta_pseudoacuta, Allelochaeta_paraorbicularis, Allelochaeta_parafalcata, Allelochaeta_paracylindrospora, Allelochaeta_neoorbicularis, Allelochaeta_neofalcata, Allelochaeta_neocylindrospora, Allelochaeta_neoacuta, Allelochaeta_minor","Allelochaeta_eucalypti, Allelochaeta_pseudoobtusa, Allelochaeta_pseudoacuta, Allelochaeta_paraorbicularis, Allelochaeta_parafalcata, Allelochaeta_paracylindrospora, Allelochaeta_neoorbicularis, Allelochaeta_neofalcata, Allelochaeta_neocylindrospora, Allelochaeta_neoacuta, Allelochaeta_minor",Different genera in SH
SH1273101.10FU,"Seimatosporium_walkeri, Allelochaeta_walkeri",Allelochaeta_walkeri,Different genera in SH
SH1273512.10FU,"Lactarius_fuscomarginatus, Lactifluus_fuscomarginatus, Lactifluus_sp","Lactifluus_fuscomarginatus, Lactifluus_sp",Different genera in SH
SH1187499.10FU,"Perenniporia_hattorii, Amylosporia_hattorii",Amylosporia_hattorii,Different genera in SH
SH1237902.10FU,"Caloplaca_lactea, Xanthocarpia_lactea",Caloplaca_lactea,Different genera in SH
SH1199800.10FU,"Namakwa_exornata, Xanthoparmelia_aliphaticella","Xanthoparmelia_exornata, Xanthoparmelia_aliphaticella",Different genera in SH
SH1050876.10FU,"Lactarius_venezuelanus, Lactifluus_sp","Lactifluus_venezuelanus, Lactifluus_sp",Different genera in SH
SH1211010.10FU,"Ricasolia_amplissima, Lobaria_amplissima",Ricasolia_amplissima,Different genera in SH
SH1187331.10FU,"Pannaria_isabellina, Phormopsora_isabellina",Phormopsora_isabellina,Different genera in SH
SH1388134.10FU,"Hyphodontia_subalutacea, Kneiffiella_subalutacea",Kneiffia_subalutacea,Different genera in SH
SH1395244.10FU,"Cyphellopsis_anomala, Merismodes_sp","Merismodes_anomala, Merismodes_sp",Different genera in SH
SH1331374.10FU,"Suhomyces_atakaporum, Candida_atakaporum",Suhomyces_atakaporum,Different genera in SH
SH1355031.10FU,"Tuberculina_persicina, Helicobasidium_longisporum","Helicobasidium_purpureum, Helicobasidium_longisporum",Different genera in SH
SH1388469.10FU,"Cortinarius_pseudoglaucopus, Calonarius_pseudoglaucopus",Calonarius_pseudoglaucopus,Different genera in SH
SH1160035.10FU,"Hymenopellis_gigaspora, Hymenopellis_radicata, Xerula_atrocaerulea","Hymenopellis_gigaspora, Hymenopellis_radicata, Hymenopellis_atrocaerulea",Different genera in SH
SH1367594.10FU,"Shackletonia_sauronii, Erichansenia_sauronii",Erichansenia_sauronii,Different genera in SH
SH1206248.10FU,"Cochliobolus_bicolor, Bipolaris_sorokiniana, Bipolaris_sp, Bipolaris_distoseptata","Bipolaris_bicolor, Bipolaris_sorokiniana, Bipolaris_sp, Bipolaris_distoseptata",Different genera in SH
SH1075074.10FU,"Piptoporus_soloniensis, Piptoporellus_soloniensis",Piptoporellus_soloniensis,Different genera in SH
SH1199189.10FU,"Usnea_perpusilla, Usnea_sp, Usnea_lambii, Usnea_subantarctica, Usnea_trachycarpa, Usnea_sphacelata, Neuropogon_sphacelatus","Usnea_perpusilla, Usnea_sp, Usnea_lambii, Usnea_subantarctica, Usnea_trachycarpa, Usnea_sphacelata",Different genera in SH
SH1201123.10FU,"Sirenophila_tomareeana, Tarasginia_whinrayi","Tarasginia_tomareeana, Tarasginia_whinrayi",Different genera in SH
SH1358606.10FU,"Lepiota_guatopoensis, Leucoagaricus_guatopoensis",Leucoagaricus_guatopoensis,Different genera in SH
SH1179583.10FU,"Papiliomyces_liangshanensis, Ophiocordyceps_sp, Ophiocordyceps_liangshanensis","Ophiocordyceps_liangshanensis, Ophiocordyceps_sp",Different genera in SH
SH1214318.10FU,"Thalloidima_sedifolium, Psora_squamata","Thalloidima_sedifolium, Thalloidima_squamatum",Different genera in SH
SH1202389.10FU,"Hymenagaricus_epipastus, Xanthagaricus_epipastus",Xanthagaricus_epipastus,Different genera in SH
SH1273329.10FU,"Verrucisporota_proteacearum, Zasmidium_proteacearum",Zasmidium_proteacearum,Different genera in SH
SH1196504.10FU,"Suhomyces_choctaworum, Candida_choctaworum",Suhomyces_choctaworum,Different genera in SH
SH1320572.10FU,"Caloplaca_digitaurea, Tassiloa_digitaurea",Tassiloa_digitaurea,Different genera in SH
SH1344982.10FU,"Fusarium_solani, Neocosmospora_cucurbitae","Fusarium_solani, Fusarium_cucurbiticola",Different genera in SH
SH1404785.10FU,"Cortinarius_maculosus, Phlegmacium_squameoradicans","Phlegmacium_maculosum, Phlegmacium_squameoradicans",Different genera in SH
SH1186474.10FU,"Lasiosphaeris_hirsuta, Cercophora_arenicola, Lasiosphaeris_sp","Lasiosphaeris_hirsuta, Lasiosphaeris_arenicola, Lasiosphaeris_sp",Different genera in SH
SH1073078.10FU,"Boletus_luridus, Suillellus_luridus",Suillellus_luridus,Different genera in SH
SH1238029.10FU,"Caloplaca_interfulgens, Xanthocarpia_crenulatella, Xanthocarpia_interfulgens","Xanthocarpia_interfulgens, Xanthocarpia_crenulatella",Different genera in SH
SH1311589.10FU,"Gamsylella_gephyropaga, Dactylellina_cionopaga, Dactylellina_sp","Dactylellina_gephyropaga, Dactylellina_cionopaga, Dactylellina_sp",Different genera in SH
SH1090852.10FU,"Hyphodontia_juniperi, Lyomyces_crustosus","Lyomyces_juniperi, Lyomyces_crustosus",Different genera in SH
SH1371049.10FU,"Torrendiella_dingleyae, Hymenotorrendiella_dingleyae",Hymenotorrendiella_dingleyae,Different genera in SH
SH1149671.10FU,"Lactarius_sepiaceus, Lactifluus_leonardii, Lactifluus_sp","Lactifluus_sepiaceus, Lactifluus_leonardii, Lactifluus_sp",Different genera in SH
SH1088403.10FU,"Perenniporia_minutissima, Perenniporiopsis_minutissima",Perenniporiopsis_minutissima,Different genera in SH
SH1359726.10FU,"Lophodermium_minus, Terriera_guizhouensis","Terriera_minor, Terriera_guizhouensis",Different genera in SH
SH1236154.10FU,"Pseudodiscina_melaleucoides, Gyromitra_melaleucoides",Pseudodiscina_melaleucoides,Different genera in SH
SH1355034.10FU,"Helicobasidium_longisporum, Helicobasidium_purpureum, Tuberculina_persicina, Helicobasidium_sp","Helicobasidium_longisporum, Helicobasidium_purpureum, Helicobasidium_sp",Different genera in SH
SH1190668.10FU,"Clonostachys_buxi, Sesquicillium_buxi",Pseudonectria_buxi,Different genera in SH
SH1136850.10FU,"Aleurodiscus_sp, Aleurodiscus_lapponicus, Aleurodiscus_cerussatus, Acanthophysellum_cerussatum","Aleurodiscus_sp, Aleurodiscus_lapponicus, Aleurodiscus_cerussatus",Different genera in SH
SH1160016.10FU,"Xerula_mundroola, Hymenopellis_superbiens, Hymenopellis_gigaspora, Hymenopellis_trichofera","Hymenopellis_mundroola, Hymenopellis_superbiens, Hymenopellis_gigaspora, Hymenopellis_trichofera",Different genera in SH
SH1156868.10FU,"Hohenbuehelia_sp, Nematoctonus_robustus, Hohenbuehelia_grisea, Hohenbuehelia_robusta, Hohenbuehelia_petaloides, Hohenbuehelia_tristis, Hohenbuehelia_horakii","Hohenbuehelia_sp, Hohenbuehelia_robusta, Hohenbuehelia_grisea, Hohenbuehelia_petaloides, Hohenbuehelia_tristis, Hohenbuehelia_horakii",Different genera in SH
SH1241481.10FU,"Puccinia_allii, Puccinia_porri, Puccinia_mixta, Puccinia_sp, Uromyces_durus","Puccinia_allii, Puccinia_porri, Puccinia_mixta, Puccinia_sp",Different genera in SH
SH1311921.10FU,"Hemipholiota_heteroclita, Pholiota_sp","Pholiota_heteroclita, Pholiota_sp",Different genera in SH
SH1267404.10FU,"Cuphophyllus_pratensis, Hygrocybe_pratensis, Cuphophyllus_sp","Cuphophyllus_pratensis, Cuphophyllus_sp",Different genera in SH
SH1313282.10FU,"Remototrachyna_scytophylla, Hypotrachyna_ciliata","Remototrachyna_scytophylla, Remototrachyna_ciliata",Different genera in SH
SH1055616.10FU,"Puccinia_corticioides, Stereostratum_corticioides",Stereostratum_corticioides,Different genera in SH
SH1349993.10FU,"Aleurodiscus_parmuliformis, Stereodiscus_parmuliformis",Stereodiscus_parmuliformis,Different genera in SH
SH1400539.10FU,"Rhodofomes_cajanderi, Fomitopsis_cajanderi, Rhodofomes_sp","Rhodofomes_cajanderi, Rhodofomes_sp",Different genera in SH
SH1278425.10FU,"Neournula_pouchetii, Neournula_nordmanensis, Urnula_pouchetii","Neournula_pouchetii, Neournula_nordmanensis",Different genera in SH
SH1060951.10FU,"Cordyceps_locustiphila, Beauveria_locustiphila",Beauveria_locustiphila,Different genera in SH
SH1245052.10FU,"Trametes_sp, Lenzites_vespacea, Trametes_vespacea","Trametes_sp, Trametes_vespacea",Different genera in SH
SH1197175.10FU,"Caloplaca_chilensis, Hosseusiella_chilensis",Hosseusiella_chilensis,Different genera in SH
SH1278195.10FU,"Cystidiodontia_laminifera, Crustomyces_isabellinus, Crustomyces_sp","Crustomyces_laminifer, Crustomyces_isabellinus, Crustomyces_sp",Different genera in SH
SH1136861.10FU,"Megalocystidium_sp, Gloeocystidiellum_leucoxanthum, Megalocystidium_olens","Megalocystidium_sp, Megalocystidium_leucoxanthum, Megalocystidium_olens",Different genera in SH
SH1058406.10FU,"Umbilicaria_decussata, Gyrophora_polaris","Umbilicaria_decussata, Umbilicaria_polaris",Different genera in SH
SH1191558.10FU,"Leucopaxillus_subzonalis, Notholepista_subzonalis",Notholepista_subzonalis,Different genera in SH
SH1220310.10FU,"Boletus_permagnificus, Exsudoporus_permagnificus",Exsudoporus_permagnificus,Different genera in SH
SH1220101.10FU,"Zopfiella_tetraspora, Triangularia_sp","Triangularia_tetraspora, Triangularia_sp",Different genera in SH
SH1262514.10FU,"Hyphodontia_curvispora, Kneiffiella_curvispora",Hyphodontia_curvispora,Different genera in SH
SH1203845.10FU,"Tricharina_sp, Tricharina_striispora, Tricharina_aethiopica, Humaria_pallidisetosa","Tricharina_sp, Tricharina_striispora, Tricharina_aethiopica, Tricharina_pallidisetosa",Different genera in SH
SH1079985.10FU,"Auriporia_pileata, Cystidiopostia_pileata",Cystidiopostia_pileata,Different genera in SH
SH1049985.10FU,"Xenocylindrocladium_sp, Xenocalonectria_serpens","Xenocylindrocladium_sp, Xenocylindrocladium_serpens",Different genera in SH
SH1355563.10FU,"Thielavia_terrestris, Thermothielavioides_terrestris",Thermothielavioides_terrestris,Different genera in SH
SH1258142.10FU,"Inocybe_agardhii, Mallocybe_terrigena, Mallocybe_sp","Mallocybe_agardhii, Mallocybe_terrigena, Mallocybe_sp",Different genera in SH
SH1405772.10FU,"Tricholoma_dryophilum, Melanoleuca_brevipes","Melanoleuca_dryophila, Melanoleuca_brevipes",Different genera in SH
SH1342912.10FU,"Protoparmelia_multifera, Neoprotoparmelia_purpurea","Neoprotoparmelia_multifera, Neoprotoparmelia_purpurea",Different genera in SH
SH1405459.10FU,"Calonarius_odorifer, Calonarius_sp, Cortinarius_viridicarneus, Calonarius_rufo-olivaceus","Calonarius_odorifer, Calonarius_sp, Calonarius_viridicarneus, Calonarius_rufo-olivaceus",Different genera in SH
SH1349784.10FU,"Kneiffiella_cineracea, Hyphodontia_cineracea",Kneiffiella_cineracea,Different genera in SH
SH1072893.10FU,"Penicillium_eremophilum, Monascus_floridanus","Monascus_eremophilus, Monascus_floridanus",Different genera in SH
SH1385785.10FU,"Lecanora_thysanophora, Verseghya_klarae","Verseghya_thysanophora, Verseghya_klarae",Different genera in SH
SH1353850.10FU,"Caloplaca_limitosa, Blastenia_sp","Blastenia_festivella, Blastenia_sp",Different genera in SH
SH1233300.10FU,"Trechispora_chartacea, Trechispora_pallescens, Scytinopogon_pallescens","Trechispora_chartacea, Trechispora_pallescens",Different genera in SH
SH1273322.10FU,"Ramichloridium_musae, Zasmidium_biverticillatum","Zasmidium_musigenum, Zasmidium_biverticillatum",Different genera in SH
SH1218526.10FU,"Inonotus_tricolor, Ochrosporellus_sp","Ochrosporellus_tricolor, Ochrosporellus_sp",Different genera in SH
SH1274132.10FU,"Lactarius_panuoides, Lactifluus_sp","Lactifluus_panuoides, Lactifluus_sp",Different genera in SH
SH1334046.10FU,"Alpova_rubescens, Neoalpova_sp, Neoalpova_rubescens, Neoalpova_montecchii","Neoalpova_rubescens, Neoalpova_sp, Neoalpova_montecchii",Different genera in SH
SH1219462.10FU,"Rinodina_metaboliza, Kudratovia_straussii","Kudratovia_metaboliza, Kudratovia_straussii",Different genera in SH
SH1253965.10FU,"Arachnotheca_vriesii, Nannizziopsis_arthrosporioides","Nannizziopsis_vriesii, Nannizziopsis_arthrosporioides",Different genera in SH
SH1342134.10FU,"Phellinus_lamaoensis, Pyrrhoderma_noxium","Pyrrhoderma_lamaoense, Pyrrhoderma_noxium",Different genera in SH
SH1289099.10FU,"Pertusaria_amara, Lepra_amara",Lepra_amara,Different genera in SH
SH1386326.10FU,"Xylodon_asperus, Hyphodontia_aspera, Xylodon_sp, Xylodon_asper","Xylodon_asper, Xylodon_asperus, Xylodon_sp",Different genera in SH
SH1246133.10FU,"Psilocybe_magnivelaris, Leratiomyces_magnivelaris",Leratiomyces_magnivelaris,Different genera in SH
SH1235040.10FU,"Placidium_pilosellum, Catapyrenium_squamulosum","Catapyrenium_pilosellum, Catapyrenium_squamulosum",Different genera in SH
SH1404804.10FU,"Cortinarius_xanthophyllus, Calonarius_claroflavus, Calonarius_xanthophyllus","Calonarius_xanthophyllus, Calonarius_claroflavus",Different genera in SH
SH1403754.10FU,"Cortinarius_croceocoeruleus, Thaxterogaster_croceocoeruleus",Thaxterogaster_croceocoeruleus,Different genera in SH
SH1317083.10FU,"Mycena_septentrionalis, Mycena_sp, Agaricus_atroalboides","Mycena_septentrionalis, Mycena_sp, Mycena_atroalboides",Different genera in SH
SH1266109.10FU,"Hypomyces_sp, Mycogone_cervina","Hypomyces_sp, Hypomyces_cervinus",Different genera in SH
SH1354468.10FU,"Caloplaca_nivalis, Lendemeriella_tornoensis","Lendemeriella_nivalis, Lendemeriella_tornoensis",Different genera in SH
SH1196176.10FU,"Gymnascella_littoralis, Arachniotus_sp","Arachniotus_littoralis, Arachniotus_sp",Different genera in SH
SH1236159.10FU,"Buchwaldoboletus_hemichrysus, Buchwaldoboletus_sphaerocephalus, Chalciporus_sphaerocephalus","Chalciporus_hemichrysus, Chalciporus_sphaerocephalus",Different genera in SH
SH1206999.10FU,"Cochliobolus_bicolor, Bipolaris_sorokiniana, Bipolaris_sp, Bipolaris_subramanianii","Bipolaris_bicolor, Bipolaris_sorokiniana, Bipolaris_sp, Bipolaris_subramanianii",Different genera in SH
SH1215032.10FU,"Mycoleptodiscus_indicus, Muyocopron_laterale","Muyocopron_sahnii, Muyocopron_laterale",Different genera in SH
SH1353858.10FU,"Caloplaca_scabrosa, Blastenia_scabrosa",Blastenia_scabrosa,Different genera in SH
SH1238045.10FU,"Xanthoria_novozelandica, Xanthomendoza_novozelandica",Jesmurraya_novozelandica,Different genera in SH
SH1136895.10FU,"Gloeocystidiellum_leucoxanthum, Megalocystidium_salicis, Megalocystidium_olens, Megalocystidium_sp, Megalocystidium_perticatum","Megalocystidium_leucoxanthum, Megalocystidium_salicis, Megalocystidium_olens, Megalocystidium_sp, Megalocystidium_perticatum",Different genera in SH
SH1390712.10FU,"Ophiostoma_radiaticola, Grosmannia_galeiformis, Leptographium_galeiforme, Leptographium_sp","Leptographium_radiaticola, Leptographium_galeiforme, Leptographium_sp",Different genera in SH
SH1400548.10FU,"Fomitopsis_rosea, Rhodofomes_sp","Rhodofomes_roseus, Rhodofomes_sp",Different genera in SH
SH1198971.10FU,"Xanthoparmelia_chlorochroa, Xanthoparmelia_norchlorochroa, Xanthoparmelia_sp, Xanthoparmelia_tuckeriana, Parmelia_hypomelaena","Xanthoparmelia_chlorochroa, Xanthoparmelia_norchlorochroa, Xanthoparmelia_sp, Xanthoparmelia_tuckeriana, Xanthoparmelia_hypomelaena",Different genera in SH
SH1385627.10FU,"Myriolecis_dispersa, Lecanora_albescens","Polyozosia_dispersa, Polyozosia_albescens",Different genera in SH
SH1347179.10FU,"Cercospora_janseana, Passalora_sp","Passalora_janseana, Passalora_sp",Different genera in SH
SH1084369.10FU,"Pholiota_terrestris, Agaricus_angustipes","Pholiota_terrestris, Pholiota_angustipes",Different genera in SH
SH1313281.10FU,"Remototrachyna_incognita, Hypotrachyna_adducta","Hypotrachyna_incognita, Hypotrachyna_adducta",Different genera in SH
SH1196155.10FU,"Gymnascella_confluens, Arachniotus_confluens",Gymnascella_confluens,Different genera in SH
SH1280366.10FU,"Thelephora_fuscocinerea, Tomentella_sp","Tomentella_fuscocinerea, Tomentella_sp",Different genera in SH
SH1080619.10FU,"Cupulina_sp, Tricharina_ascophanoides, Cupulina_ascophanoides","Cupulina_sp, Cupulina_ascophanoides",Different genera in SH
SH1324388.10FU,"Calocybe_sp, Rugosomyces_ionides","Calocybe_sp, Calocybe_ionides",Different genera in SH
SH1193915.10FU,"Ambrosiella_ferruginea, Phialophoropsis_ferruginea, Phialophoropsis_sp","Phialophoropsis_ferruginea, Phialophoropsis_sp",Different genera in SH
SH1206309.10FU,"Bipolaris_sp, Bipolaris_secalis, Bipolaris_sorokiniana, Cochliobolus_bicolor, Bipolaris_shoemakeri, Bipolaris_petchii","Bipolaris_sp, Bipolaris_secalis, Bipolaris_sorokiniana, Bipolaris_bicolor, Bipolaris_shoemakeri, Bipolaris_petchii",Different genera in SH
SH1358590.10FU,"Torrubiella_arachnophila, Gibellula_sp","Gibellula_arachnophila, Gibellula_sp",Different genera in SH
SH1156908.10FU,"Hohenbuehelia_robusta, Hohenbuehelia_grisea, Nematoctonus_robustus, Hohenbuehelia_chevallieri, Hohenbuehelia_atrocoerulea, Hohenbuehelia_canadensis, Hohenbuehelia_sp","Hohenbuehelia_robusta, Hohenbuehelia_grisea, Hohenbuehelia_chevallieri, Hohenbuehelia_atrocoerulea, Hohenbuehelia_canadensis, Hohenbuehelia_sp",Different genera in SH
SH1149129.10FU,"Leucoagaricus_littoralis, Lepiota_wichanskyi","Leucoagaricus_littoralis, Leucoagaricus_wichanskyi",Different genera in SH
SH1341537.10FU,"Aspicilia_sp, Lecanora_caesiopruinosa","Aspicilia_sp, Aspicilia_caesiopruinosa",Different genera in SH
SH1079981.10FU,"Postia_guttulata, Calcipostia_guttulata",Calcipostia_guttulata,Different genera in SH
SH1187313.10FU,"Toninia_verrucarioides, Toniniopsis_verrucarioides",Toniniopsis_verrucarioides,Different genera in SH
SH1330445.10FU,"Xanthoparmelia_sp, Parmelia_austroafricana, Xanthoparmelia_marroninipuncta","Xanthoparmelia_sp, Xanthoparmelia_flavescentireagens, Xanthoparmelia_marroninipuncta",Different genera in SH
SH1289429.10FU,"Strigula_jamesii, Swinscowia_jamesii",Swinscowia_jamesii,Different genera in SH
SH1205072.10FU,"Infundibulicybe_gibba, Infundibulicybe_sp, Clitocybe_squamulosa","Infundibulicybe_gibba, Infundibulicybe_sp, Infundibulicybe_squamulosa",Different genera in SH
SH1267378.10FU,"Hygrocybe_pratensis, Cuphophyllus_sp","Cuphophyllus_pratensis, Cuphophyllus_sp",Different genera in SH
SH1088505.10FU,"Megasporia_cystidiolophora, Jorgewrightia_hengduanensis, Jorgewrightia_cystidiolophora","Jorgewrightia_cystidiolophora, Jorgewrightia_hengduanensis",Different genera in SH
SH1199236.10FU,"Parmelinopsis_afrorevoluta, Hypotrachyna_subfatiscens","Hypotrachyna_afrorevoluta, Hypotrachyna_subfatiscens",Different genera in SH
SH1218381.10FU,"Ramalinopsis_mannii, Ramalina_mannii",Ramalinopsis_mannii,Different genera in SH
SH1299046.10FU,"Rigidoporus_cuneatus, Oxyporus_cuneatus",Oxyporus_cuneatus,Different genera in SH
SH1061983.10FU,"Teunomyces_panamensis, Candida_panamensis",Teunomyces_panamensis,Different genera in SH
SH1089669.10FU,"Inocephalus_murrayi, Entoloma_sp, Entoloma_quadratum, Agaricus_quadratus","Entoloma_murrayi, Entoloma_sp, Entoloma_quadratum",Different genera in SH
SH1405243.10FU,"Cortinarius_glaucescens, Calonarius_glaucescens",Calonarius_glaucescens,Different genera in SH
SH1267406.10FU,"Cuphophyllus_pratensis, Hygrocybe_pratensis",Cuphophyllus_pratensis,Different genera in SH
SH1405223.10FU,"Cortinarius_odoratus, Calonarius_odoratus",Calonarius_odoratus,Different genera in SH
SH1388151.10FU,"Leptographium_francke-grosmanniae, Grosmannia_francke-grosmanniae",Grosmannia_francke-grosmanniae,Different genera in SH
SH1339375.10FU,"Cortinarius_rubicundulus, Cystinarius_rubicundulus",Cystinarius_rubicundulus,Different genera in SH
SH1278111.10FU,"Leccinellum_rugosiceps, Leccinum_rugosiceps",Leccinellum_rugosiceps,Different genera in SH
SH1088791.10FU,"Perenniporia_ochroleuca, Truncospora_atlantica, Truncospora_sp","Truncospora_ochroleuca, Truncospora_atlantica, Truncospora_sp",Different genera in SH
SH1336267.10FU,"Pseudomerulius_curtisii, Meiorganum_curtisii",Meiorganum_curtisii,Different genera in SH
SH1317115.10FU,"Agaricus_atroalboides, Mycena_sp","Mycena_atroalboides, Mycena_sp",Different genera in SH
SH1412241.10FU,"Leptonia_occidentalis, Entoloma_largentii, Entoloma_subeuchroum","Entoloma_occidentale, Entoloma_largentii, Entoloma_subeuchroum",Different genera in SH
SH1287363.10FU,"Entoloma_sp, Inocephalus_murrayi","Entoloma_sp, Entoloma_murrayi",Different genera in SH
SH1214327.10FU,"Thalloidima_sedifolium, Psora_squamata","Thalloidima_sedifolium, Thalloidima_squamatum",Different genera in SH
SH1205067.10FU,"Infundibulicybe_sp, Clitocybe_squamulosa","Infundibulicybe_sp, Infundibulicybe_squamulosa",Different genera in SH
SH1275535.10FU,"Magnaporthe_griffinii, Wongia_griffinii",Wongia_griffinii,Different genera in SH
SH1285747.10FU,"Thelephora_fuscocinerea, Tomentella_sp","Tomentella_fuscocinerea, Tomentella_sp",Different genera in SH
SH1360262.10FU,"Chaetosphaeria_ellisii, Paragaeumannomyces_sabinianus","Paragaeumannomyces_longisporus, Paragaeumannomyces_sabinianus",Different genera in SH
SH1195557.10FU,"Peziza_kallioi, Phylloscypha_sp, Phylloscypha_kallioi","Phylloscypha_kallioi, Phylloscypha_sp",Different genera in SH
SH1234764.10FU,"Filoboletus_manipularis, Favolaschia_manipularis",Filoboletus_manipularis,Different genera in SH
SH1208812.10FU,"Coprinus_cortinatus, Coprinus_bellulus, Coprinopsis_bellula","Coprinopsis_cortinata, Coprinopsis_bellula",Different genera in SH
SH1321549.10FU,"Bacidia_trachona, Aquacidia_trachona",Aquacidia_trachona,Different genera in SH
SH1202689.10FU,"Psathyrella_echiniceps, Lacrymaria_echiniceps",Lacrymaria_echiniceps,Different genera in SH
SH1053894.10FU,"Teratosphaeria_rubida, Mycosphaerella_pseudocryptica","Teratosphaeria_rubida, Teratosphaeria_pseudocryptica",Different genera in SH
SH1195531.10FU,"Peziza_lundellii, Plicaria_sp","Plicaria_lundellii, Plicaria_sp",Different genera in SH
SH1199729.10FU,"Parmotrema_reticulatum, Parmotrema_sp, Rimelia_clavulifera, Parmotrema_perlatum","Parmotrema_reticulatum, Parmotrema_sp, Parmotrema_clavuliferum, Parmotrema_perlatum",Different genera in SH
SH1357148.10FU,"Phaeopterula_sp, Pterula_juruensis","Phaeopterula_sp, Phaeopterula_juruensis",Different genera in SH
SH1263371.10FU,"Muscodor_fengyangensis, Induratia_fengyangensis",Induratia_fengyangensis,Different genera in SH
SH1281590.10FU,"Thelephora_lilacinogrisea, Tomentella_sp","Tomentella_lilacinogrisea, Tomentella_sp",Different genera in SH
SH1200940.10FU,"Hydnoplicata_whitei, Peziza_sp","Peziza_whitei, Peziza_sp",Different genera in SH
SH1395248.10FU,"Cyphellopsis_anomala, Merismodes_fasciculata","Merismodes_anomala, Merismodes_fasciculata",Different genera in SH
SH1066217.10FU,"Triodiomyces_triodiae, Ustilago_lituana","Triodiomyces_triodiae, Triodiomyces_lituanus",Different genera in SH
SH1287364.10FU,"Entoloma_sp, Inocephalus_murrayi","Entoloma_sp, Entoloma_murrayi",Different genera in SH
SH1091556.10FU,"Xerocomus_sp, Boletus_leptospermi","Xerocomus_sp, Xerocomus_leptospermi",Different genera in SH
SH1208814.10FU,"Coprinopsis_poliomalla, Coprinus_bellulus","Coprinopsis_poliomalla, Coprinopsis_bellula",Different genera in SH
SH1248430.10FU,"Acarospora_glaucocarpa_f._melaniza, Sarcogyne_platycarpoides","Sarcogyne_melaniza, Sarcogyne_platycarpoides",Different genera in SH
SH1236631.10FU,"Amanita_sp, Saproamanita_nana","Amanita_sp, Amanita_nana",Different genera in SH
SH1349755.10FU,"Antrodiella_fragrans, Metuloidea_fragrans, Metuloidea_sp","Metuloidea_fragrans, Metuloidea_sp",Different genera in SH
SH1198977.10FU,"Hypogymnia_lophyrea, Cavernularia_hultenii","Hypogymnia_lophyrea, Hypogymnia_hultenii",Different genera in SH
SH1174340.10FU,"Micromphale_brevipes, Gymnopus_portoricensis, Gymnopus_sp","Gymnopus_neobrevipes, Gymnopus_portoricensis, Gymnopus_sp",Different genera in SH
SH1405573.10FU,"Cortinarius_mariae, Thaxterogaster_mariae",Thaxterogaster_mariae,Different genera in SH
SH1262508.10FU,"Pseudoclitopilus_rhodoleucus, Leucopaxillus_rhodoleucus",Pseudoclitopilus_rhodoleucus,Different genera in SH
SH1216225.10FU,"Sutorius_luridiformis, Neoboletus_xanthopus","Neoboletus_luridiformis, Neoboletus_xanthopus",Different genera in SH
SH1275910.10FU,"Fomitiporia_hippophaeicola, Phellinus_hippophaeicola",Fomitiporia_hippophaeicola,Different genera in SH
SH1187571.10FU,"Placidium_lacinulatum, Clavascidium_lacinulatum",Clavascidium_lacinulatum,Different genera in SH
SH1395846.10FU,"Wolfiporia_cocos, Pachyma_hoelen","Wolfiporia_cocos, Wolfiporia_hoelen",Different genera in SH
SH1277168.10FU,"Phaeohelotium_sp, Discinella_confusa","Phaeohelotium_sp, Phaeohelotium_confusum",Different genera in SH
SH1192164.10FU,"Xylaria_sp, Sphaeria_kegeliana","Xylaria_sp, Xylaria_kegeliana",Different genera in SH
SH1170422.10FU,"Trechispora_sp, Fibriciellum_silvae-ryae","Trechispora_sp, Trechispora_silvae-ryae",Different genera in SH
SH1405553.10FU,"Phlegmacium_vixolivascens, Cortinarius_xanthosuavis","Phlegmacium_vixolivascens, Phlegmacium_xanthosuave",Different genera in SH
SH1199255.10FU,"Parmelinopsis_afrorevoluta, Hypotrachyna_revoluta","Hypotrachyna_afrorevoluta, Hypotrachyna_revoluta",Different genera in SH
SH1074363.10FU,"Calogaya_arnoldii, Caloplaca_clauzadeana","Calogaya_arnoldii, Calogaya_clauzadeana",Different genera in SH
SH1278186.10FU,"Cystidiodontia_laminifera, Crustomyces_isabellinus","Crustomyces_laminifer, Crustomyces_isabellinus",Different genera in SH
SH1405710.10FU,"Melanoleuca_curtipes, Melanoleuca_grammopodia, Kinia_privernensis, Melanoleuca_sp","Melanoleuca_curtipes, Melanoleuca_grammopodia, Melanoleuca_privernensis, Melanoleuca_sp",Different genera in SH
SH1206761.10FU,"Setosphaeria_monoceras, Exserohilum_monoceras",Exserohilum_monoceras,Different genera in SH
SH1404137.10FU,"Cortinarius_violaceoflavescens, Phlegmacium_violaceoflavescens",Phlegmacium_violaceoflavescens,Different genera in SH
SH1320240.10FU,"Apioporthe_corni, Aurantioporthe_corni",Aurantioporthe_corni,Different genera in SH
SH1314216.10FU,"Helvella_beatonii, Geomorium_beatonii",Geomorium_beatonii,Different genera in SH
SH1151935.10FU,"Caliciopsis_calicioides, Exophiala_calicioides",Exophiala_calicioides,Different genera in SH
SH1288144.10FU,"Inocybe_calamistrata, Inosperma_hirsutum","Inosperma_calamistratum, Inosperma_hirsutum",Different genera in SH
SH1082926.10FU,"Rhodofomitopsis_lilacinogilva, Fomitopsis_lilacinogilva",Rhodofomitopsis_lilacinogilva,Different genera in SH
SH1288159.10FU,"Inosperma_mucidiolens, Inocybe_calamistrata","Inosperma_mucidiolens, Inosperma_calamistratum",Different genera in SH
SH1206922.10FU,"Setosphaeria_holmii, Exserohilum_holmii",Exserohilum_holmii,Different genera in SH
SH1217171.10FU,"Pulveroboletus_auriflammeus, Aureoboletus_auriflammeus, Aureoboletus_sp","Aureoboletus_auriflammeus, Aureoboletus_sp",Different genera in SH
SH1346839.10FU,"Cercosporidium_bougainvilleae, Pluripassalora_bougainvilleae",Pluripassalora_bougainvilleae,Different genera in SH
SH1405092.10FU,"Phlegmacium_caligatum, Cortinarius_maculosus","Phlegmacium_caligatum, Phlegmacium_maculosum",Different genera in SH
SH1297540.10FU,"Fomitopsis_spraguei, Niveoporofomes_spraguei",Niveoporofomes_spraguei,Different genera in SH
SH1210965.10FU,"Lobaria_anomala, Pseudocyphellaria_anthraspis, Lobaria_anthraspis","Lobaria_anomala, Lobaria_anthraspis",Different genera in SH
SH1404167.10FU,"Cortinarius_sp, Dermocybe_nahuelbutensis","Cortinarius_sp, Cortinarius_nahuelbutensis",Different genera in SH
SH1084386.10FU,"Pachylepyrium_nubicola, Pholiota_terrestris, Pholiota_sp, Pholiota_subflammans, Pholiota_nubicola","Pholiota_nubicola, Pholiota_terrestris, Pholiota_sp, Pholiota_subflammans",Different genera in SH
SH1258116.10FU,"Mallocybe_squamosodisca, Inocybe_squamosodisca",Inocybe_squamosodisca,Different genera in SH
SH1331390.10FU,"Suhomyces_bolitotheri, Candida_bolitotheri",Suhomyces_bolitotheri,Different genera in SH
SH1321017.10FU,"Parmelia_pustulifera, Hypotrachyna_sp","Hypotrachyna_pustulifera, Hypotrachyna_sp",Different genera in SH
SH1280846.10FU,"Thelephora_stuposa, Tomentella_sp","Tomentella_stuposa, Tomentella_sp",Different genera in SH
SH1237944.10FU,"Gyalolechia_marmorata, Xanthocarpia_sp","Xanthocarpia_marmorata, Xanthocarpia_sp",Different genera in SH
SH1082962.10FU,"Cyphelium_tigillare, Calicium_tigillare",Calicium_tigillare,Different genera in SH
SH1088409.10FU,"Truncospora_sp, Perenniporia_ochroleuca, Truncospora_macrospora","Truncospora_sp, Truncospora_ochroleuca, Truncospora_macrospora",Different genera in SH
SH1287194.10FU,"Hortiboletus_campestris, Boletus_campestris, Hortiboletus_sp","Hortiboletus_campestris, Hortiboletus_sp",Different genera in SH
SH1078087.10FU,"Phomopsis_pustulata, Diaporthe_sp","Diaporthe_niessliana, Diaporthe_sp",Different genera in SH
SH1088585.10FU,"Megasporia_violacea, Jorgewrightia_violacea",Jorgewrightia_violacea,Different genera in SH
SH1072082.10FU,"Xerocomellus_porosporus, Xerocomellus_sp, Xerocomus_truncatus","Xerocomellus_porosporus, Xerocomellus_sp, Xerocomellus_truncatus",Different genera in SH
SH1076749.10FU,"Dentiscutata_heterogama, Scutellospora_heterogama",Dentiscutata_heterogama,Different genera in SH
SH1347404.10FU,"Teratosphaeria_profusa, Mycosphaerella_pluritubularis, Teratosphaeria_sp","Teratosphaeria_profusa, Teratosphaeria_pluritubularis, Teratosphaeria_sp",Different genera in SH
SH1200634.10FU,"Hyphodontia_abieticola, Hyphodontia_sp, Kneiffiella_abieticola","Hyphodontia_abieticola, Hyphodontia_sp",Different genera in SH
SH1331391.10FU,"Suhomyces_chickasaworum, Candida_chickasaworum",Suhomyces_chickasaworum,Different genera in SH
SH1253159.10FU,"Wynnella_subalpina, Helvella_silvicola","Wynnella_subalpina, Wynnella_silvicola",Different genera in SH
SH1081917.10FU,"Sphaceloma_erythrinae, Elsinoe_erythrinae",Elsinoe_erythrinae,Different genera in SH
SH1408100.10FU,"Pyrenodesmia_badioreagens, Caloplaca_alociza","Pyrenodesmia_badioreagens, Pyrenodesmia_alociza",Different genera in SH
SH1408196.10FU,"Caloplaca_cirrochroa, Leproplaca_cirrochroa",Leproplaca_cirrochroa,Different genera in SH
SH1336571.10FU,"Monilinia_laxa, Monilia_mumeicola","Monilinia_laxa, Monilinia_mumeicola",Different genera in SH
SH1172706.10FU,"Tremella_mycophaga, Tremella_simplex, Phaeotremella_simplex, Phaeotremella_mycophaga","Phaeotremella_mycophaga, Phaeotremella_simplex",Different genera in SH
SH1199306.10FU,"Parmelinopsis_cryptochlora, Hypotrachyna_exsecta","Hypotrachyna_cryptochlora, Hypotrachyna_exsecta",Different genera in SH
SH1312193.10FU,"Immersaria_iranica, Lecaimmeria_iranica",Lecaimmeria_iranica,Different genera in SH
SH1271575.10FU,"Hydropus_floccipes, Pseudohydropus_floccipes",Pseudohydropus_floccipes,Different genera in SH
SH1310478.10FU,"Clavulinopsis_subumbrinella, Ramariopsis_avellaneo-inversa","Ramariopsis_subumbrinella, Ramariopsis_avellaneo-inversa",Different genera in SH
SH1405729.10FU,"Melanoleuca_cognata, Melanoleuca_dryophila, Melanoleuca_diverticulata, Melanoleuca_rasilis, Melanoleuca_brevipes, Tricholoma_dryophilum, Melanoleuca_sp","Melanoleuca_cognata, Melanoleuca_dryophila, Melanoleuca_diverticulata, Melanoleuca_rasilis, Melanoleuca_brevipes, Melanoleuca_sp",Different genera in SH
SH1088010.10FU,"Pyrenophora_erythrospila, Drechslera_fugax","Pyrenophora_erythrospila, Pyrenophora_fugax",Different genera in SH
SH1201224.10FU,"Ceriporia_crassitunicata, Meruliopsis_crassitunicata",Meruliopsis_crassitunicata,Different genera in SH
SH1359741.10FU,"Lophodermium_minus, Terriera_guizhouensis","Terriera_minor, Terriera_guizhouensis",Different genera in SH
SH1274691.10FU,"Rosellinia_necatrix, Rosellinia_arcuata, Dematophora_necatrix","Dematophora_necatrix, Dematophora_arcuata",Different genera in SH
SH1178677.10FU,"Helicomyces_lilliputeus, Tubeufia_mackenziei, Tubeufia_sp","Tubeufia_lilliputea, Tubeufia_mackenziei, Tubeufia_sp",Different genera in SH
SH1327156.10FU,"Russula_sp, Gymnomyces_abietis, Gymnomyces_setiger, Gymnomyces_monticola, Gymnomyces_californicus, Gymnomyces_subalpinus","Russula_sp, Russula_subabietis, Russula_setigera, Russula_monticola, Russula_californica, Russula_orsonmilleri",Different genera in SH
SH1341464.10FU,"Circinaria_affinis, Lecanora_tortuosa","Circinaria_affinis, Circinaria_tortuosa",Different genera in SH
SH1191902.10FU,"Nimbya_alternantherae, Alternaria_perpunctulata","Alternaria_alternantherae, Alternaria_perpunctulata",Different genera in SH
SH1206756.10FU,"Exserohilum_fusiforme, Setosphaeria_monoceras, Exserohilum_oryzicola, Exserohilum_sp","Exserohilum_fusiforme, Exserohilum_monoceras, Exserohilum_oryzicola, Exserohilum_sp",Different genera in SH
SH1348311.10FU,"Russula_sp, Macowanites_vinaceodorus","Russula_sp, Russula_vinaceodora",Different genera in SH
SH1291811.10FU,"Fungi_sp, Climacodon_pulcherrimus, Donkia_pulcherrima","Fungi_sp, Climacodon_pulcherrimus",Different species in SH
SH1265512.10FU,"Canalisporium_jinghongensis, Canalisporium_jinghongense",Canalisporium_jinghongense,Different species in SH
SH1136249.10FU,"Valsaria_rudis, Valsaria_insitiva",Valsaria_insitiva,Different species in SH
SH1380187.10FU,"Glomeraceae_sp, Glomus_invermaium, Glomus_sp, Rhizophagus_invermaius","Glomeraceae_sp, Rhizophagus_invermaius, Glomus_sp",Different species in SH
SH1159139.10FU,"Russula_sp, Russula_cyanoxantha, Russula_variata","Russula_sp, Russula_cyanoxantha",Different species in SH
SH1087875.10FU,"Verrucaria_rupestris, Verrucaria_muralis",Verrucaria_muralis,Different species in SH
SH1202417.10FU,"Amanita_mafingensis, Amanita_tanzanica, Amanita_sp","Amanita_mafingensis, Amanita_sp",Different species in SH
SH1368040.10FU,"Phellinus_occidentalis, Phellinus_overholtsii",Phellinopsis_overholtsii,Different species in SH
SH1214372.10FU,"Inocybe_calida, Inocybe_sp, Inocybe_brunneorufa","Inocybe_calida, Inocybe_sp",Different species in SH
SH1314836.10FU,"Oidiodendron_sp, Helotiales_sp, Oidiodendron_majus, Oidiodendron_maius, Myxotrichaceae_sp, Dothideomycetes_sp, Fungi_sp, Erysiphales_sp","Oidiodendron_sp, Helotiales_sp, Oidiodendron_majus, Myxotrichaceae_sp, Dothideomycetes_sp, Fungi_sp, Erysiphales_sp",Different species in SH
SH1221627.10FU,"Clitocybula_atrialba, Clitocybula_sp, Gerronema_atrialbum","Gerronema_atrialbum, Clitocybula_sp",Different species in SH
SH1308189.10FU,"Penicillium_brevicompactum, Penicillium_sp, Penicillium_biourgeianum","Penicillium_brevicompactum, Penicillium_sp",Different species in SH
SH1207643.10FU,"Filobasidium_sp, Filobasidium_globosporum, Filobasidium_globisporum","Filobasidium_sp, Filobasidium_globosporum",Different species in SH
SH1234564.10FU,"Neolentinus_cyathiformis, Neolentinus_schaefferi, Neolentinus_sp","Neolentinus_cyathiformis, Neolentinus_sp",Different species in SH
SH1221462.10FU,"Hymenochaete_sphaericola, Hymenochaete_mougeotii",Hymenochaete_mougeotii,Different species in SH
SH1398324.10FU,"Neoscytalidium_dimidiatum, Neoscytalidium_hyalinum, Neoscytalidium_sp","Neoscytalidium_dimidiatum, Neoscytalidium_sp",Different species in SH
SH1406096.10FU,"Inocybe_vinaceobrunnea, Inocybe_sp, Inosperma_vinaceobrunneum","Inosperma_vinaceobrunneum, Inocybe_sp",Different species in SH
SH1223622.10FU,"Melampsora_sp, Melampsora_nujiangensis, Melampsora_abietis-populi","Melampsora_sp, Melampsora_abietis-populi",Different species in SH
SH1051591.10FU,"Nephroma_helveticum, Nephroma_sipeanum",Nephroma_helveticum,Different species in SH
SH1273770.10FU,"Ramaria_botrytis, Ramaria_inquinata",Ramaria_botrytis,Different species in SH
SH1080341.10FU,"Irpex_rosettiformis, Hydnopolyporus_fimbriatus, Hydnopolyporus_sp","Irpex_rosettiformis, Hydnopolyporus_sp",Different species in SH
SH1256379.10FU,"Cantharellales_sp, Rhizoctonia_sp, Ceratobasidium_bicorne, Rhizoctonia_bicornis","Cantharellales_sp, Rhizoctonia_sp, Rhizoctonia_bicornis",Different species in SH
SH1232775.10FU,"Marjia_tianschanica, Marjia_tianshanica",Marjia_tianshanica,Different species in SH
SH1222994.10FU,"Polyporales_sp, Hyphodontia_latitans, Kneiffiella_abdita","Polyporales_sp, Kneiffiella_abdita",Different species in SH
SH1190554.10FU,"Hydnum_minus, Hydnum_sp, Hydnum_minum","Hydnum_minus, Hydnum_sp",Different species in SH
SH1198765.10FU,"Protoparmelia_picea, Protoparmelia_sp, Protoparmelia_badia","Protoparmelia_badia, Protoparmelia_sp",Different species in SH
SH1314726.10FU,"Helotiales_sp, Oidiodendron_sp, Oidiodendron_maius, Fungi_sp, Oidiodendron_majus","Helotiales_sp, Oidiodendron_sp, Oidiodendron_majus, Fungi_sp",Different species in SH
SH1357657.10FU,"Lecanora_rugosella, Lecanora_chlarotera",Lecanora_chlarotera,Different species in SH
SH1080827.10FU,"Hymenochaetales_sp, Inonotus_setuloso-croceus, Inonotus_setulosocroceus","Hymenochaetales_sp, Inonotus_setulosocroceus",Different species in SH
SH1174478.10FU,"Dematipyriforma_aquilaria, Savoryellaceae_sp, Dematipyriforma_aquilariae","Dematipyriforma_aquilariae, Savoryellaceae_sp",Different species in SH
SH1391060.10FU,"Nigrospora_sp, Nigrospora_oryzae, Nigrospora_sphaerica","Nigrospora_sp, Nigrospora_oryzae",Different species in SH
SH1194068.10FU,"Hygrocybe_konradii, Hygrocybe_acutoconica",Hygrocybe_acutoconica,Different species in SH
SH1210235.10FU,"Entoloma_rhodopolium, Entoloma_sp, Fungi_sp, Entoloma_nidorosum","Entoloma_rhodopolium, Entoloma_sp, Fungi_sp",Different species in SH
SH1302033.10FU,"Peltigera_gowardii, Peltigera_aquatica",Peltigera_hydrothyria,Different species in SH
SH1312118.10FU,"Polyporus_parvivarius, Polyporus_sp, Polyporus_parvovarius","Polyporus_parvivarius, Polyporus_sp",Different species in SH
SH1080793.10FU,"Basidiobolus_meristosporus, Basidiobolus_ranarum",Basidiobolus_ranarum,Different species in SH
SH1296165.10FU,"Fungi_sp, Holwaya_mucida, Crinula_caliciiformis","Fungi_sp, Holwaya_mucida",Different species in SH
SH1330550.10FU,"Moesziomyces_bullatus, Moesziomyces_sp, Moesziomyces_penicillariae","Moesziomyces_bullatus, Moesziomyces_sp",Different species in SH
SH1205581.10FU,"Entoloma_sp, Entoloma_sarcitulum, Entoloma_longistriatum","Entoloma_sp, Entoloma_longistriatum",Different species in SH
SH1096703.10FU,"Lepraria_jackii, Lepraria_toensbergiana",Lepraria_jackii,Different species in SH
SH1052202.10FU,"Verrucaria_furfuracea, Verrucaria_macrostoma",Verrucaria_macrostoma,Different species in SH
SH1200222.10FU,"Cordierites_frondosus, Cordierites_frondosa",Cordierites_frondosus,Different species in SH
SH1366013.10FU,"Sparassis_sp, Sparassis_brevipes, Sparassis_nemecii","Sparassis_sp, Sparassis_brevipes",Different species in SH
SH1295842.10FU,"Descomyces_sp, Descomyces_albus, Descolea_alba","Descomyces_sp, Conocybe_alba, Descolea_alba",Different species in SH
SH1365542.10FU,"Cortinarius_angelesianus, Cortinarius_sp, Cortinarius_tubulipes","Cortinarius_angelesianus, Cortinarius_sp",Different species in SH
SH1088147.10FU,"Amauroderma_sprucei, Foraminispora_rugosa, Perenniporia_sp","Foraminispora_rugosa, Perenniporia_sp",Different species in SH
SH1202415.10FU,"Amanita_sp, Amanita_mafingensis, Amanita_tanzanica","Amanita_sp, Amanita_mafingensis",Different species in SH
SH1150799.10FU,"Geastrum_schmidelii, Geastrum_striatum",Geastrum_striatum,Different species in SH
SH1400534.10FU,"Cartilosoma_sp, Cartilosoma_rene-hentic, Cartilosoma_renehenticii","Cartilosoma_sp, Antrodia_renehenticii",Different species in SH
SH1223591.10FU,"Melampsoraceae_sp, Melampsora_populnea, Melampsora_larici-tremulae, Melampsora_sp, Fungi_sp","Melampsoraceae_sp, Melampsora_populnea, Melampsora_sp, Fungi_sp",Different species in SH
SH1376144.10FU,"Hebeloma_birrus, Hebeloma_pumilum, Hebeloma_sp","Hebeloma_birrus, Hebeloma_sp",Different species in SH
SH1367067.10FU,"Hypoxylon_nicaraguense, Hypoxylon_sp, Pyrenopolyporus_nicaraguensis","Pyrenopolyporus_nicaraguensis, Hypoxylon_sp",Different species in SH
SH1188049.10FU,"Penicillium_hirayamae, Penicillium_citreonigrum",Penicillium_citreonigrum,Different species in SH
SH1252475.10FU,"Ramaria_sardiniensis, Ramaria_magnifica",Ramaria_magnifica,Different species in SH
SH1353832.10FU,"Caloplaca_limitosa, Caloplaca_festivella","Blastenia_festivella, Caloplaca_festivella",Different species in SH
SH1331175.10FU,"Orbilia_delicatula, Orbilia_xanthostigma",Orbilia_xanthostigma,Different species in SH
SH1081661.10FU,"Heterodermia_tremulans, Heterodermia_speciosa",Heterodermia_speciosa,Different species in SH
SH1080311.10FU,"Auriculariopsis_albomellea, Fungi_sp, Cytidiella_melzeri","Phlebia_albomellea, Fungi_sp",Different species in SH
SH1358459.10FU,"Elaphomyces_sp, Elaphomyces_papillatus, Elaphomyces_striatosporus","Elaphomyces_sp, Elaphomyces_papillatus",Different species in SH
SH1376352.10FU,"Galerina_stordalii, Galerina_saxicola",Galerina_stordalii,Different species in SH
SH1210660.10FU,"Basidiomycota_sp, Mycena_olida, Mycena_sp, Phloeomana_minutula","Basidiomycota_sp, Phloeomana_minutula, Mycena_sp",Different species in SH
SH1207088.10FU,"Chaetosphaeria_sp, Fungi_sp, Chaetosphaeriales_sp, Ascomycota_sp, Chaetosphaeria_vermicularioides, Chloridium_caudigerum","Chaetosphaeria_sp, Fungi_sp, Chaetosphaeriales_sp, Ascomycota_sp, Chaetosphaeria_vermicularioides",Different species in SH
SH1079259.10FU,"Diaporthe_sp, Diaporthe_phaseolorum, Diaporthe_caulivora, Talaromyces_sp","Diaporthe_sp, Diaporthe_phaseolorum, Talaromyces_sp",Different species in SH
SH1340007.10FU,"Erysiphe_diervillae, Erysiphe_weigelae",Erysiphe_diervillae,Different species in SH
SH1387102.10FU,"Psathyrellaceae_sp, Coprinellus_sp, Coprinellus_pakistanicus, Punjabia_pakistanica","Psathyrellaceae_sp, Coprinellus_sp, Punjabia_pakistanica",Different species in SH
SH1227590.10FU,"Polyblastia_gotlandica, Polyblastia_albida",Polyblastia_albida,Different species in SH
SH1175339.10FU,"Entoloma_sp, Entoloma_brunneosericeum, Entoloma_incanosquamulosum","Entoloma_sp, Entoloma_incanosquamulosum",Different species in SH
SH1196700.10FU,"Zoopagales_sp, Piptocephalis_virginiana, Piptocephalis_cylindrospora, Piptocephalis_sp","Zoopagales_sp, Piptocephalis_cylindrospora, Piptocephalis_sp",Different species in SH
SH1432557.10FU,"Fusarium_verticillioides, Fusarium_fujikuroi",Fusarium_fujikuroi,Different species in SH
SH1397991.10FU,"Calvatia_fragilis, Entoloma_sp, Calvatia_cyathiformis, Calvatia_sp, Agaricales_sp","Calvatia_cyathiformis, Entoloma_sp, Calvatia_sp, Agaricales_sp",Different species in SH
SH1353857.10FU,"Caloplaca_limitosa, Caloplaca_festivella","Blastenia_festivella, Caloplaca_festivella",Different species in SH
SH1379197.10FU,"Nectria_balansae, Nectria_sinensis",Nectria_balansae,Different species in SH
SH1272009.10FU,"Calocybe_sp, Rugosomyces_onychinus, Calocybe_onychina, Rugosomyces_sp","Calocybe_sp, Calocybe_onychina, Rugosomyces_sp",Different species in SH
SH1379053.10FU,"Myrothecium_leucotrichum, Myrothecium_sp, Xepicula_leucotricha, Xepicula_sp, Paramyrothecium_sp","Xepicula_leucotricha, Myrothecium_sp, Xepicula_sp, Paramyrothecium_sp",Different species in SH
SH1403392.10FU,"Cortinarius_sp, Cortinarius_olivaceofuscus, Dermocybe_sp, Cortinariaceae_sp, Dermocybe_carpineti","Cortinarius_sp, Cortinarius_olivaceofuscus, Dermocybe_sp, Cortinariaceae_sp",Different species in SH
SH1159983.10FU,"Hymenopellis_chiangmaiae, Hymenopellis_raphanipes, Xerula_sp","Hymenopellis_raphanipes, Xerula_sp",Different species in SH
SH1235290.10FU,"Taphrina_caerulescens, Taphrina_coerulescens",Taphrina_caerulescens,Different species in SH
SH1124686.10FU,"Sparticola_junci, Sparticola_juncei, Fungi_sp, Sparticola_sp","Sparticola_juncei, Fungi_sp, Sparticola_sp",Different species in SH
SH1357845.10FU,"Sticta_phyllidiofuliginosa, Sticta_phyllidiifuliginosa",Sticta_phyllidiifuliginosa,Different species in SH
SH1307463.10FU,"Penicillium_shearii, Penicillium_miczynskii, Penicillium_sp","Penicillium_miczynskii, Penicillium_sp",Different species in SH
SH1219518.10FU,"Rinodina_mniaroeiza, Rinodina_mniaroea",Rinodina_mniaroea,Different species in SH
SH1220959.10FU,"Boletus_pallidus, Boletaceae_sp, Boletus_sp, Imleria_pallida","Imleria_pallida, Boletaceae_sp, Boletus_sp",Different species in SH
SH1385323.10FU,"Inocybe_sp, Inocybe_guttulifer, Pseudosperma_guttuliferum","Inocybe_sp, Pseudosperma_guttuliferum",Different species in SH
SH1198957.10FU,"Xanthoparmelia_plittii, Xanthoparmelia_dierythra",Xanthoparmelia_plittii,Different species in SH
SH1307390.10FU,"Penicillium_sp, Penicillium_estinogenum, Penicillium_melinii","Penicillium_sp, Penicillium_melinii",Different species in SH
SH1340019.10FU,"Erysiphe_necator, Erysiphe_ampelopsidis",Erysiphe_necator,Different species in SH
SH1277873.10FU,"Brevicellicium_olivascens, Brevicellicium_viridulum",Brevicellicium_olivascens,Different species in SH
SH1199052.10FU,"Parmelia_cochleata, Parmelia_sp, Parmelia_fertilis","Parmelia_fertilis, Parmelia_sp",Different species in SH
SH1275225.10FU,"Macroconia_leptosphaeriae, Cosmospora_sp, Macroconia_sphaeriae","Macroconia_sphaeriae, Cosmospora_sp",Different species in SH
SH1324076.10FU,"Inocybe_sp, Inocybe_maculata, Inosperma_maculatum","Inocybe_sp, Inosperma_maculatum",Different species in SH
SH1303932.10FU,"Polycauliona_phlogina, Caloplaca_scythica, Caloplaca_sp","Scythioria_phlogina, Caloplaca_sp",Different species in SH
SH1211257.10FU,"Gymnopus_indoctus, Gymnopus_sp, Collybiopsis_indocta","Collybiopsis_indocta, Gymnopus_sp",Different species in SH
SH1058441.10FU,"Umbilicaria_grisea, Umbilicaria_hirsuta",Umbilicaria_hirsuta,Different species in SH
SH1222551.10FU,"Fungi_sp, Ascomycota_sp, Sordariomycetes_sp, Chaetomium_sp, Chaetomium_cupreum, Arcopilus_cupreus, Xylariales_sp, Colletotrichum_sp","Fungi_sp, Ascomycota_sp, Sordariomycetes_sp, Chaetomium_sp, Arcopilus_cupreus, Xylariales_sp, Colletotrichum_sp",Different species in SH
SH1365494.10FU,"Cortinarius_bibulus, Cortinarius_lilacinopusillus, Cortinarius_sp","Cortinarius_bibulus, Cortinarius_sp",Different species in SH
SH1405831.10FU,"Inocybe_maculata, Inocybe_sp, Inosperma_maculatum, Cortinariaceae_sp","Inosperma_maculatum, Inocybe_sp, Cortinariaceae_sp",Different species in SH
SH1281049.10FU,"Thelephora_anthocephala, Thelephora_digitata, Thelephoraceae_sp, Thelephora_sp","Thelephora_anthocephala, Thelephoraceae_sp, Thelephora_sp",Different species in SH
SH1376001.10FU,"Psilocybe_caerulescens, Psilocybe_caribaea, Psilocybe_weilii",Psilocybe_caerulescens,Different species in SH
SH1221764.10FU,"Sphaeronaemella_helvellae, Microascales_sp, Melanospora_karstenii","Melanospora_karstenii, Microascales_sp",Different species in SH
SH1301292.10FU,"Marasmiellus_koreanus, Marasmiellus_sp, Collybiopsis_koreana","Collybiopsis_koreana, Marasmiellus_sp",Different species in SH
SH1310138.10FU,"Carcinomyces_polyporina, Carcinomyces_polyporinus",Carcinomyces_polyporinus,Different species in SH
SH1146432.10FU,"Octaviania_asterosperma, Boletales_sp, Boletaceae_sp, Octaviania_mutabilis, Fungi_sp, Octaviania_sp","Octaviania_asterosperma, Boletales_sp, Boletaceae_sp, Fungi_sp, Octaviania_sp",Different species in SH
SH1255367.10FU,"Pezoloma_ericae, Pezoloma_sp, Helotiales_sp, Hyaloscypha_hepaticicola","Hyaloscypha_hepaticicola, Pezoloma_sp, Helotiales_sp",Different species in SH
SH1293767.10FU,"Chaenotricha_obsura, Chaenotricha_obscura",Chaenotricha_obscura,Different species in SH
SH1295858.10FU,"Descomyces_sp, Descomyces_albus, Descolea_alba","Descomyces_sp, Conocybe_alba, Descolea_alba",Different species in SH
SH1289161.10FU,"Lecidella_elaeochroma, Lecidella_achristotera",Lecidella_elaeochroma,Different species in SH
SH1301605.10FU,"Coprinopsis_spelaiophila, Coprinopsis_sp, Coprinopsis_mitrispora","Coprinopsis_mitrispora, Coprinopsis_sp",Different species in SH
SH1255720.10FU,"Helotiales_sp, Pezoloma_ericae, Fungi_sp, Pezoloma_sp, Hyaloscypha_hepaticicola","Helotiales_sp, Hyaloscypha_hepaticicola, Fungi_sp, Pezoloma_sp",Different species in SH
SH1306924.10FU,"Penicillium_sp, Penicillium_citreonigrum, Penicillium_hirayamae","Penicillium_sp, Penicillium_citreonigrum",Different species in SH
SH1212398.10FU,"Gnomoniopsis_sp, Gnomoniopsis_smithogilvyi, Gnomoniopsis_castaneae","Gnomoniopsis_sp, Gnomoniopsis_smithogilvyi",Different species in SH
SH1357192.10FU,"Conocybe_smithii, Conocybe_cyanopus",Pholiotina_cyanopus,Different species in SH
SH1219949.10FU,"Cercophora_coprophila, Cladorrhinum_coprophilum, Cercophora_sp","Cladorrhinum_coprophilum, Cercophora_sp",Different species in SH
SH1365673.10FU,"Cortinarius_venustus, Cortinarius_sp, Cortinarius_traganulus, Cortinariaceae_sp","Cortinarius_venustus, Cortinarius_sp, Cortinariaceae_sp",Different species in SH
SH1259792.10FU,"Trogia_sp, Porotheleum_omphaliiforme, Agaricales_sp, Marasmiellomycena_omphaliiformis","Trogia_sp, Marasmiellomycena_omphaliiformis, Agaricales_sp",Different species in SH
SH1328259.10FU,"Russula_sp, Russula_cuprea, Russula_juniperina","Russula_sp, Russula_cuprea",Different species in SH
SH1090649.10FU,"Harrya_chromapes, Boletales_sp, Harrya_chromipes","Harrya_chromipes, Boletales_sp",Different species in SH
SH1319400.10FU,"Absidia_caatingaensis, Absidia_caatinguensis",Absidia_caatingaensis,Different species in SH
SH1379274.10FU,"Myrothecium_sp, Tangerinosporium_thalitricola, Tangerinosporium_thalictricola","Myrothecium_sp, Tangerinosporium_thalictricola",Different species in SH
SH1271967.10FU,"Hygrocybe_irrigata, Gliophorus_irrigatus, Hygrocybe_sp","Gliophorus_irrigatus, Hygrocybe_sp",Different species in SH
SH1090653.10FU,"Harrya_chromapes, Harrya_chromipes",Harrya_chromipes,Different species in SH
SH1241219.10FU,"Melanchlenus_eumetabolus, Rhinocladiella_atrovirens",Rhinocladiella_atrovirens,Different species and genera in SH
SH1174275.10FU,"Micromphale_brevipes, Gymnopus_neobrevipes, Gymnopus_sp","Gymnopus_neobrevipes, Gymnopus_sp",Different species and genera in SH
SH1187332.10FU,"Psoroma_hispidulum, Hispidopannaria_hispidula",Hispidopannaria_hispidula,Different species and genera in SH
SH1350485.10FU,"Datronia_scutellata, Cerioporus_scutellatus",Cerioporus_scutellatus,Different species and genera in SH
SH1220629.10FU,"Cyphellostereum_laeve, Muscinupta_laevis",Muscinupta_laevis,Different species and genera in SH
SH1377509.10FU,"Malotium_paludosum, Cyathicula_paludosa",Cyathicula_paludosa,Different species and genera in SH
SH1220627.10FU,"Cyphellostereum_laeve, Muscinupta_laevis",Muscinupta_laevis,Different species and genera in SH
SH1227011.10FU,"Pachyphloeus_sp, Pachyphloeus_oleifer, Pachyphlodes_oleifera","Pachyphloeus_sp, Pachyphloeus_oleifer",Different species and genera in SH
SH1374048.10FU,"Turbinellus_floccosus, Gomphus_bonarii",Turbinellus_floccosus,Different species and genera in SH
SH1216213.10FU,"Lanmaoa_pallidorosea, Boletus_pallidoroseus, Lanmaoa_sp","Lanmaoa_pallidorosea, Lanmaoa_sp",Different species and genera in SH
SH1376104.10FU,"Naucoria_salicis, Naucoria_sp, Alnicola_macrospora","Naucoria_salicis, Naucoria_sp",Different species and genera in SH
SH1337779.10FU,"Symmetrospora_sp, Symmetrospora_vermiculata, Sporobolomyces_vermiculatus","Symmetrospora_sp, Symmetrospora_vermiculata",Different species and genera in SH
SH1178700.10FU,"Helicosporium_aureum, Acanthohelicospora_aurea",Acanthohelicospora_aurea,Different species and genera in SH
SH1401603.10FU,"Polyporus_udus, Bresadolia_uda",Favolus_udus,Different species and genera in SH
SH1349550.10FU,"Tyromyces_duracinus, Trullella_duracina",Trullella_duracina,Different species and genera in SH
SH1208483.10FU,"Inocybe_breviterincarnata, Pseudosperma_breviterincarnatum",Pseudosperma_breviterincarnatum,Different species and genera in SH
SH1080299.10FU,"Irpex_rosettiformis, Hydnopolyporus_fimbriatus",Irpex_rosettiformis,Different species and genera in SH
SH1237780.10FU,"Leptonia_occidentalis, Entoloma_occidentale",Entoloma_occidentale,Different species and genera in SH
SH1386321.10FU,"Hyphodontia_taiwaniana, Xylodon_taiwanianus",Xylodon_taiwanianus,Different species and genera in SH
SH1349999.10FU,"Aleurodiscus_mirabilis, Gloeosoma_mirabile",Gloeosoma_mirabile,Different species and genera in SH
SH1088881.10FU,"Daedaleopsis_styracina, Lenzites_styracinus",Lenzites_styracinus,Different species and genera in SH
SH1406091.10FU,"Inocybe_vinaceobrunnea, Inosperma_vinaceobrunneum",Inosperma_vinaceobrunneum,Different species and genera in SH
SH1387309.10FU,"Coprinus_cordisporus, Narcissea_cordispora",Narcissea_cordispora,Different species and genera in SH
SH1262531.10FU,"Leucogyrophana_arizonica, Gyrodontium_arizonicum",Gyrodontium_arizonicum,Different species and genera in SH
SH1191358.10FU,"Pholiota_astragalina, Pyrrhulomyces_astragalinus",Pyrrhulomyces_astragalinus,Different species and genera in SH
SH1308946.10FU,"Dendrodacrys_brasiliense, Dacryopsis_brasiliensis",Dendrodacrys_brasiliense,Different species and genera in SH
SH1090848.10FU,"Hyphodontia_crustosa, Lyomyces_crustosus",Lyomyces_crustosus,Different species and genera in SH
SH1360260.10FU,"Chaetosphaeria_ellisii, Paragaeumannomyces_longisporus",Paragaeumannomyces_longisporus,Different species and genera in SH
SH1331929.10FU,"Herpotrichia_parasitica, Nematostoma_parasiticum",Nematostoma_parasiticum,Different species and genera in SH
SH1196648.10FU,"Haptocillium_sinense, Drechmeria_sinensis",Drechmeria_sinensis,Different species and genera in SH
SH1412725.10FU,"Riopa_metamorphosa, Sporotrichum_aurantiacum",Riopa_metamorphosa,Different species and genera in SH
SH1347524.10FU,"Stigmina_platani, Pseudocercospora_sp, Pseudocercospora_platanigena","Pseudocercospora_platanigena, Pseudocercospora_sp",Different species and genera in SH
SH1388795.10FU,"Gliophorus_sp, Hygrocybe_laeta, Gliophorus_laetus","Gliophorus_sp, Gliophorus_laetus",Different species and genera in SH
SH1080134.10FU,"Szczawinskia_tsugae, Micarea_clavopycnidiata",Szczawinskia_tsugae,Different species and genera in SH
SH1054534.10FU,"Seimatosporium_falcatum, Allelochaeta_falcata",Allelochaeta_falcata,Different species and genera in SH
SH1273074.10FU,"Seimatosporium_biseptatum, Allelochaeta_biseptata",Allelochaeta_biseptata,Different species and genera in SH
SH1409074.10FU,"Diederichomyces_ficuzzae, Didymocyrtis_ramalinae",Didymocyrtis_ramalinae,Different species and genera in SH
SH1229302.10FU,"Auxarthron_chinense, Malbranchea_chinensis",Auxarthron_chinense,Different species and genera in SH
SH1312116.10FU,"Hexagonia_cucullata, Pseudofavolus_cucullatus",Hexagonia_cucullata,Different species and genera in SH
SH1220562.10FU,"Heteroconium_eucalypti, Thyrinula_uruguayensis, Thyrinula_sp","Thyrinula_uruguayensis, Thyrinula_sp",Different species and genera in SH
SH1054417.10FU,"Laetiporus_persicinus, Berkcurtia_persicina",Berkcurtia_persicina,Different species and genera in SH
SH1388909.10FU,"Collybiopsis_polygramma, Gymnopus_polygrammus",Collybiopsis_polygramma,Different species and genera in SH
SH1169323.10FU,"Fellomyces_mexicanus, Kockovaella_mexicana",Kockovaella_mexicana,Different species and genera in SH
SH1153717.10FU,"Amauroascus_echinulatus, Mallochia_echinulata",Mallochia_echinulata,Different species and genera in SH
SH1304494.10FU,"Junghuhnia_fimbriatella, Steccherinum_fimbriatellum",Steccherinum_fimbriatellum,Different species and genera in SH
SH1202547.10FU,"Cystoagaricus_hirtosquamulosus, Psathyrella_hirtosquamulosa",Cystoagaricus_hirtosquamulosus,Different species and genera in SH
SH1339971.10FU,"Microsphaera_sinensis, Erysiphe_castaneigena",Erysiphe_castaneigena,Different species and genera in SH
SH1229319.10FU,"Gymnoascus_reticulatus, Malbranchea_reticulata",Malbranchea_reticulata,Different species and genera in SH
SH1317918.10FU,"Calycina_claroflava, Bisporella_sulfurina",Calycina_claroflava,Different species and genera in SH
SH1273328.10FU,"Ramichloridium_musae, Zasmidium_musigenum",Zasmidium_musigenum,Different species and genera in SH
SH1386361.10FU,"Hyphodontia_heterocystidiata, Xylodon_heterocystidiatus",Xylodon_heterocystidiatus,Different species and genera in SH
SH1176324.10FU,"Sarcodontia_pachyodon, Irpiciporus_mollis",Irpiciporus_pachyodon,Different species and genera in SH
SH1088192.10FU,"Amauroderma_brasiliense, Furtadomyces_brasiliensis",Furtadomyces_brasiliensis,Different species and genera in SH
SH1322051.10FU,"Hygrocybe_russocoriacea, Cuphophyllus_russocoriaceus, Cuphophyllus_sp","Cuphophyllus_russocoriaceus, Cuphophyllus_sp",Different species and genera in SH
SH1377458.10FU,"Lachnum_brasiliense, Erioscyphella_brasiliensis",Erioscyphella_brasiliensis,Different species and genera in SH
SH1217712.10FU,"Gyrothrix_circinata, Circinotrichum_circinatum",Circinotrichum_circinatum,Different species and genera in SH
SH1217714.10FU,"Gyrothrix_circinata, Circinotrichum_circinatum",Circinotrichum_circinatum,Different species and genera in SH
SH1231976.10FU,"Richoniella_asterospora, Entoloma_sp, Entoloma_asterosporum","Entoloma_asterosporum, Entoloma_sp",Different species and genera in SH
SH1198615.10FU,"Rhodophyllus_crassipes, Entoloma_sarcopum",Entoloma_sarcopus,Different species and genera in SH
SH1191355.10FU,"Pholiota_astragalina, Pyrrhulomyces_astragalinus",Pyrrhulomyces_astragalinus,Different species and genera in SH
